Tweet,Text Label
homo,Bullying
slutwhore,Bullying
dickless,Bullying
cumfest,Bullying
israeli,Bullying
niggardliness,Bullying
nigr,Bullying
goddamit,Bullying
sandnigger,Bullying
dope,Bullying
insest,Bullying
acrotomophilia,Bullying
dumbbitch,Bullying
fuckmonkey,Bullying
pubiclice,Bullying
cyberslimer,Bullying
titfuck,Bullying
cummer,Bullying
kumquat,Bullying
one guy one jar,Bullying
fire,Bullying
sexo,Bullying
carruth,Bullying
cocktease,Bullying
trisexual,Bullying
pric,Bullying
rabbi,Bullying
gypp,Bullying
cunnilingus,Bullying
dipshit,Bullying
welfare,Bullying
arabs,Bullying
transvestite,Bullying
tnt,Bullying
penile,Bullying
mothafuckings,Bullying
peckerwood,Bullying
enemy,Bullying
negroid,Bullying
genital,Bullying
gangbanger,Bullying
queef,Bullying
strapon,Bullying
thicklips,Bullying
female squirting,Bullying
flydie,Bullying
crabs,Bullying
christ,Bullying
ejaculate,Bullying
lucifer,Bullying
butchdyke,Bullying
vatican,Bullying
skumbag,Bullying
horseshit,Bullying
eunuch,Bullying
dickforbrains,Bullying
bondage,Bullying
kumbullbe,Bullying
crack,Bullying
niggerhole,Bullying
niggard,Bullying
rosy palm,Bullying
assranger,Bullying
beat-off,Bullying
bastard ,Bullying
asspuppies,Bullying
jiggerboo,Bullying
cuntlick ,Bullying
pommie,Bullying
doggie style,Bullying
lezz,Bullying
jesuschrist,Bullying
feltch,Bullying
chode,Bullying
pleasure chest,Bullying
wetback,Bullying
zipperhead,Bullying
necro,Bullying
goddamnmuthafucker,Bullying
whiskeydick,Bullying
slopy,Bullying
executioner,Bullying
colored,Bullying
ethnic,Bullying
turnon,Bullying
hole,Bullying
nofuckingway,Bullying
mastrabator,Bullying
jack off,Bullying
orgies,Bullying
pisses ,Bullying
blow j,Bullying
criminals,Bullying
cockqueen,Bullying
tosser,Bullying
snownigger,Bullying
holestuffer,Bullying
dipstick,Bullying
nipplering,Bullying
minority,Bullying
italiano,Bullying
palesimian,Bullying
poo,Bullying
horn,Bullying
genitals,Bullying
conservative,Bullying
jebus,Bullying
bullcrap,Bullying
cumqueen,Bullying
spread legs,Bullying
cancer,Bullying
kaffir,Bullying
mocky,Bullying
suckmytit,Bullying
vorarephilia,Bullying
naked,Bullying
shited,Bullying
nigg,Bullying
spermhearder,Bullying
african,Bullying
disease,Bullying
lovebone,Bullying
spreadeagle,Bullying
coprolagnia,Bullying
humping,Bullying
suicide girls,Bullying
bong,Bullying
pole smoker,Bullying
shrimping,Bullying
gin,Bullying
purinapricness,Bullying
sexslave,Bullying
big knockers,Bullying
iblowu,Bullying
pissin ,Bullying
lotion,Bullying
easyslut,Bullying
mothafucker,Bullying
whiz,Bullying
lsd,Bullying
cocksucked ,Bullying
hosejob,Bullying
wanker,Bullying
cumjockey,Bullying
eat my ass,Bullying
lovegoo,Bullying
whites,Bullying
propaganda,Bullying
sexwhore,Bullying
welcher,Bullying
how to murder,Bullying
scum,Bullying
phuked,Bullying
suckoff,Bullying
shithapens,Bullying
drug,Bullying
auto erotic,Bullying
sultry women,Bullying
barenaked,Bullying
wetspot,Bullying
sixtynine,Bullying
wrapping men,Bullying
buttplug,Bullying
jiggy,Bullying
alligatorbait,Bullying
flange,Bullying
shitfit,Bullying
huge fat,Bullying
bulldyke,Bullying
bumfuck,Bullying
deposit,Bullying
big breasts,Bullying
sexual,Bullying
japanese,Bullying
suckmyass,Bullying
church,Bullying
goyim,Bullying
bohunk,Bullying
bigass,Bullying
fannyfucker,Bullying
gaymuthafuckinwhore,Bullying
babies,Bullying
girls,Bullying
fuck buttons,Bullying
fagging,Bullying
pisser,Bullying
sandm,Bullying
wog,Bullying
escort,Bullying
octopussy,Bullying
tinkle,Bullying
snigger,Bullying
groe,Bullying
vibrator,Bullying
dix,Bullying
swalow,Bullying
chin,Bullying
niggles,Bullying
asslicker,Bullying
molester,Bullying
backseat,Bullying
geez,Bullying
seppo,Bullying
sexually,Bullying
boong,Bullying
voyeur,Bullying
hoser,Bullying
fore,Bullying
asswhore,Bullying
cocaine,Bullying
european,Bullying
mothafuck,Bullying
titlicker,Bullying
buttstain,Bullying
penises,Bullying
spermacide,Bullying
mexican,Bullying
skankybitch,Bullying
white power,Bullying
puddboy,Bullying
coondog,Bullying
stripclub,Bullying
mockie,Bullying
american,Bullying
jesus,Bullying
tushy,Bullying
kumbubble,Bullying
milf,Bullying
mormon,Bullying
ontherag,Bullying
henhouse,Bullying
big black,Bullying
daterape,Bullying
phukked,Bullying
cuntlicker ,Bullying
failed,Bullying
lezbefriends,Bullying
pissing,Bullying
bitchy,Bullying
pohm,Bullying
kigger,Bullying
nastywhore,Bullying
bangbros,Bullying
upthebutt,Bullying
cohee,Bullying
fistfuck,Bullying
fuckingbitch,Bullying
shibari,Bullying
cigs,Bullying
jiggaboo,Bullying
japcrap,Bullying
raper,Bullying
jackass,Bullying
orgasim ,Bullying
sexed,Bullying
baby batter,Bullying
toilet,Bullying
tampon,Bullying
uk,Bullying
snowballing,Bullying
goldenshower,Bullying
titties,Bullying
towelhead,Bullying
titjob,Bullying
abo,Bullying
molestation,Bullying
fok,Bullying
crapola,Bullying
foursome,Bullying
suicide,Bullying
cumming,Bullying
niggerhead,Bullying
pussie,Bullying
abuse,Bullying
analannie,Bullying
cocksucking,Bullying
breastjob,Bullying
blonde on blonde action,Bullying
paedophile,Bullying
kumming,Bullying
reestie,Bullying
suckme,Bullying
willie,Bullying
shhit,Bullying
titbitnipply,Bullying
hot chick,Bullying
skankwhore,Bullying
fudgepacker,Bullying
dragqueen,Bullying
deapthroat,Bullying
barelylegal,Bullying
circlejerk,Bullying
shinola,Bullying
hookers,Bullying
flatulence,Bullying
scat,Bullying
damn,Bullying
mafia,Bullying
gokkun,Bullying
argie,Bullying
buttpirate,Bullying
goregasm,Bullying
fagot,Bullying
fuks,Bullying
redneck,Bullying
jiga,Bullying
freakfuck,Bullying
2 girls 1 cup,Bullying
crotchjockey,Bullying
dripdick,Bullying
die,Bullying
fuckina,Bullying
orgy,Bullying
phungky,Bullying
beaver cleaver,Bullying
darky,Bullying
magicwand,Bullying
butt-fucker,Bullying
neonazi,Bullying
fuckpig,Bullying
manpaste,Bullying
molest,Bullying
whiskydick,Bullying
lez,Bullying
darkie,Bullying
rearend,Bullying
niggardliness's,Bullying
trojan,Bullying
smack,Bullying
lapdance,Bullying
brunette action,Bullying
hindoo,Bullying
fourtwenty,Bullying
deepthroat,Bullying
moles,Bullying
hebe,Bullying
pommy,Bullying
fuckher,Bullying
stringer,Bullying
one cup two girls,Bullying
peck,Bullying
backdoorman,Bullying
male squirting,Bullying
shiting,Bullying
clamdiver,Bullying
fairy,Bullying
pussylicker,Bullying
slav,Bullying
nigre,Bullying
robber,Bullying
penetration,Bullying
phuking,Bullying
cigarette,Bullying
dyefly,Bullying
playboy,Bullying
golden shower,Bullying
cumshot,Bullying
chinamen,Bullying
pickaninny,Bullying
diddle,Bullying
fatah,Bullying
bombers,Bullying
suckdick,Bullying
bigbastard,Bullying
pube,Bullying
mosshead,Bullying
pornking,Bullying
terror,Bullying
pimper,Bullying
fuckbuddy,Bullying
period,Bullying
catholics,Bullying
pistol,Bullying
g-spot,Bullying
doodoo,Bullying
mockey,Bullying
funeral,Bullying
prickhead,Bullying
whop,Bullying
allah,Bullying
pussyeater,Bullying
cocksmith,Bullying
executed,Bullying
barely legal,Bullying
niggarding,Bullying
swastika,Bullying
buried,Bullying
pocho,Bullying
nip,Bullying
weewee,Bullying
whiskey,Bullying
beast,Bullying
phone sex,Bullying
muncher,Bullying
fuckhead,Bullying
smackthemonkey,Bullying
badfuck,Bullying
harem,Bullying
nigerians,Bullying
bastardo,Bullying
shooting,Bullying
pissoff ,Bullying
fistfucked ,Bullying
ginzo,Bullying
mattressprincess,Bullying
primetime,Bullying
undressing,Bullying
fuckable,Bullying
puss,Bullying
bbw,Bullying
damnation,Bullying
jeez,Bullying
stroking,Bullying
leather restraint,Bullying
yankee,Bullying
piky,Bullying
beastality,Bullying
cocksucer,Bullying
goddamn,Bullying
poopchute,Bullying
shitfaced,Bullying
dickhead,Bullying
gangbanged ,Bullying
pikey,Bullying
rosy palm and her 5 sisters,Bullying
doggiestyle,Bullying
desire,Bullying
pansies,Bullying
dickbrain,Bullying
sissy,Bullying
felch,Bullying
horney,Bullying
buttmunch,Bullying
baptist,Bullying
assassin,Bullying
fingering,Bullying
osama,Bullying
mothafucking ,Bullying
republican,Bullying
wetb,Bullying
freefuck,Bullying
rere,Bullying
goatse,Bullying
transexual,Bullying
bunghole,Bullying
butt-fuck,Bullying
nig nog,Bullying
snowback,Bullying
sniper,Bullying
gangbang,Bullying
cockfight,Bullying
death,Bullying
mggor,Bullying
skankbitch,Bullying
goy,Bullying
usama,Bullying
babeland,Bullying
dickwad,Bullying
cornhole,Bullying
nigra,Bullying
fuckinright,Bullying
blue waffle,Bullying
niggle,Bullying
timbernigger,Bullying
picaninny,Bullying
whorefucker,Bullying
yellowman,Bullying
ero,Bullying
dommes,Bullying
nig,Bullying
lolita,Bullying
grostulation,Bullying
dixiedike,Bullying
shitfucker,Bullying
hymie,Bullying
sheeney,Bullying
crash,Bullying
vomit,Bullying
died,Bullying
femdom,Bullying
cameljockey,Bullying
footfuck,Bullying
sonofbitch,Bullying
cleveland steamer,Bullying
dahmer,Bullying
feltcher,Bullying
fingerfuckers,Bullying
buttface,Bullying
evl,Bullying
dammit,Bullying
lovepistol,Bullying
twink,Bullying
shitting,Bullying
blind,Bullying
reefer,Bullying
beaver lips,Bullying
motherlovebone,Bullying
panties,Bullying
fucka,Bullying
lugan,Bullying
devil,Bullying
pornflick,Bullying
russkie,Bullying
fight,Bullying
thirdleg,Bullying
negroes,Bullying
moron,Bullying
shaved beaver,Bullying
gonzagas,Bullying
drunken,Bullying
blackman,Bullying
asskisser,Bullying
crotchrot,Bullying
motherfuckin,Bullying
lezzo,Bullying
fondle,Bullying
slopey,Bullying
clusterfuck,Bullying
fister,Bullying
skankfuck,Bullying
condom,Bullying
kill,Bullying
taff,Bullying
shithouse,Bullying
cockblock,Bullying
hoes,Bullying
horniest,Bullying
facefucker,Bullying
assmuncher,Bullying
bollock,Bullying
stupidfuck,Bullying
assmunch,Bullying
prostitute,Bullying
payo,Bullying
poorwhitetrash,Bullying
farting ,Bullying
getiton,Bullying
bulldike,Bullying
raping,Bullying
arab,Bullying
moky,Bullying
futanari,Bullying
illegal,Bullying
hardcore,Bullying
skinflute,Bullying
throating,Bullying
asspacker,Bullying
leather straight jacket,Bullying
raghead,Bullying
crotch,Bullying
goo girl,Bullying
knobbing,Bullying
buttman,Bullying
glazeddonut,Bullying
urethra play,Bullying
africa,Bullying
fairies,Bullying
fuckmehard,Bullying
shaved pussy,Bullying
bitchin,Bullying
fu,Bullying
gyppie,Bullying
kinkster,Bullying
penthouse,Bullying
wop,Bullying
erect,Bullying
shitfull,Bullying
vaginal,Bullying
fraud,Bullying
color,Bullying
flasher,Bullying
filipino,Bullying
sexpot,Bullying
sexymoma,Bullying
boonie,Bullying
puke,Bullying
buttcheeks,Bullying
cacker,Bullying
bdsm,Bullying
porchmonkey,Bullying
violet blue,Bullying
eatme,Bullying
looser,Bullying
virgin,Bullying
assbagger,Bullying
limy,Bullying
negro's,Bullying
hustler,Bullying
cunteyed,Bullying
tarbaby,Bullying
nipples,Bullying
dumbfuck,Bullying
backdoor,Bullying
wuzzie,Bullying
sadom,Bullying
threeway,Bullying
pimpjuic,Bullying
chinaman,Bullying
brown showers,Bullying
pubes,Bullying
masturbating,Bullying
bollocks,Bullying
bunga,Bullying
sodomize,Bullying
goddammit,Bullying
footstar,Bullying
goatcx,Bullying
butthead,Bullying
liquor,Bullying
spermbag,Bullying
jailbait,Bullying
beatoff,Bullying
incest,Bullying
urophilia,Bullying
niggarded,Bullying
kaffer,Bullying
rearentry,Bullying
motherfucking,Bullying
areola,Bullying
harder,Bullying
greaseball,Bullying
loverocket,Bullying
asshore,Bullying
perv,Bullying
fingerfood,Bullying
muff,Bullying
shaggin,Bullying
commie,Bullying
hitler,Bullying
burn,Bullying
honky,Bullying
fubar,Bullying
oral,Bullying
abbo,Bullying
sniggering,Bullying
bomb,Bullying
omorashi,Bullying
pedophile,Bullying
spig,Bullying
freakyfucker,Bullying
swallower,Bullying
birdlock,Bullying
bigbutt,Bullying
nastyho,Bullying
goddamnes,Bullying
pooperscooper,Bullying
bi,Bullying
sucks,Bullying
nambla,Bullying
puntang,Bullying
gay sex,Bullying
bootycall,Bullying
reject,Bullying
sob,Bullying
spankthemonkey,Bullying
buggered,Bullying
jewish,Bullying
wuss,Bullying
asslick,Bullying
bitching,Bullying
strip club,Bullying
gringo,Bullying
pendy,Bullying
tard,Bullying
boody,Bullying
chocolate rosebuds,Bullying
buttfuck,Bullying
domination,Bullying
faeces,Bullying
splittail,Bullying
clamdigger,Bullying
shitlist,Bullying
double dong,Bullying
niggor,Bullying
motherfucked,Bullying
slimeball,Bullying
pusy,Bullying
pedobear,Bullying
excrement,Bullying
goddamnit,Bullying
stagg,Bullying
hijack,Bullying
sexkitten,Bullying
hook,Bullying
coolie,Bullying
phuq,Bullying
servant,Bullying
gyppo,Bullying
slopehead,Bullying
pud,Bullying
fingerfuck ,Bullying
dumbass,Bullying
williewanker,Bullying
fisting,Bullying
crapper,Bullying
sixtyniner,Bullying
fetish,Bullying
two girls one cup,Bullying
threesome,Bullying
bitchez,Bullying
manhater,Bullying
pudd,Bullying
nympho,Bullying
mothafuckin,Bullying
shitted,Bullying
hitlerist,Bullying
pi55,Bullying
yaoi,Bullying
scissoring,Bullying
sodomise,Bullying
ky,Bullying
big tits,Bullying
muffdiver,Bullying
farty ,Bullying
nsfw images,Bullying
ecchi,Bullying
dirty sanchez,Bullying
mooncricket,Bullying
shite,Bullying
boom,Bullying
asshat,Bullying
fat,Bullying
intercourse,Bullying
chav,Bullying
intheass,Bullying
jacktheripper,Bullying
spaghettibender,Bullying
angry,Bullying
gaysex ,Bullying
willy,Bullying
addict,Bullying
russki,Bullying
slimebucket,Bullying
bogan,Bullying
goodpoop,Bullying
fuckme ,Bullying
shitcan,Bullying
brothel,Bullying
rentafuck,Bullying
footjob,Bullying
sick,Bullying
shitoutofluck,Bullying
rump,Bullying
licker,Bullying
nigerian,Bullying
pindick,Bullying
cockrider,Bullying
felching,Bullying
geezer,Bullying
balllicker,Bullying
ponyplay,Bullying
fuckoff,Bullying
jizzum,Bullying
sadis,Bullying
hodgie,Bullying
fatfucker,Bullying
bicurious,Bullying
bombs,Bullying
hork,Bullying
mr hands,Bullying
bi curious,Bullying
sooty,Bullying
liberal,Bullying
clover clamps,Bullying
spunky,Bullying
nymphomania,Bullying
playgirl,Bullying
vietcong,Bullying
yellow showers,Bullying
bitchslap,Bullying
demon,Bullying
jihad,Bullying
assjockey,Bullying
macaca,Bullying
kums,Bullying
kinky,Bullying
pooper,Bullying
homicide,Bullying
fuuck,Bullying
poon,Bullying
fear,Bullying
shitfuck,Bullying
tittie,Bullying
girl on top,Bullying
fistfucker ,Bullying
zoophilia,Bullying
farted ,Bullying
nigglings,Bullying
hiscock,Bullying
tang,Bullying
erotism,Bullying
floo,Bullying
honger,Bullying
meth,Bullying
beaner,Bullying
kummer,Bullying
wn,Bullying
geni,Bullying
whash,Bullying
fuckinnuts,Bullying
tainted love,Bullying
kotex,Bullying
poverty,Bullying
butchdike,Bullying
datnigga,Bullying
uterus,Bullying
execution,Bullying
trots,Bullying
luckycammeltoe,Bullying
roach,Bullying
swallow,Bullying
motherfuck,Bullying
blow,Bullying
ball gravy,Bullying
slutwear,Bullying
panti,Bullying
kissass,Bullying
shawtypimp,Bullying
muffdive,Bullying
mulatto,Bullying
noonan,Bullying
wab,Bullying
banging,Bullying
tunneloflove,Bullying
doggystyle,Bullying
fuckwhore,Bullying
rapist,Bullying
homobangers,Bullying
porno,Bullying
barfface,Bullying
syphilis,Bullying
pearlnecklace,Bullying
sleezeball,Bullying
sextoys,Bullying
assman,Bullying
german,Bullying
shagging,Bullying
anilingus,Bullying
stupidfucker,Bullying
loadedgun,Bullying
beastial,Bullying
shithead,Bullying
asses,Bullying
pussylover,Bullying
niggah,Bullying
gotohell,Bullying
jigga,Bullying
remains,Bullying
frotting,Bullying
thirdeye,Bullying
fuckknob,Bullying
inthebuff,Bullying
nawashi,Bullying
roundeye,Bullying
retarded,Bullying
mastabate,Bullying
disturbed,Bullying
kunnilingus,Bullying
bung hole,Bullying
pee-pee,Bullying
camwhore,Bullying
satan,Bullying
lowlife,Bullying
tubgirl,Bullying
diseases,Bullying
blow your l,Bullying
krap,Bullying
addicts,Bullying
snatchpatch,Bullying
bra,Bullying
poontang,Bullying
snatch,Bullying
pussypounder,Bullying
knife,Bullying
pu55i,Bullying
footaction,Bullying
footlicker,Bullying
bimbos,Bullying
mothafuckaz,Bullying
pussycat,Bullying
funfuck,Bullying
piece of shit,Bullying
boang,Bullying
nipple,Bullying
fuckit,Bullying
shoot,Bullying
quim,Bullying
booty call,Bullying
slutting,Bullying
coitus,Bullying
spermherder,Bullying
raging boner,Bullying
buttfucker,Bullying
quickie,Bullying
grope,Bullying
skum,Bullying
kanake,Bullying
soviet,Bullying
lies,Bullying
honkers,Bullying
chinky,Bullying
dingleberry,Bullying
shota,Bullying
hillbillies,Bullying
godammit,Bullying
nasty,Bullying
ejaculation,Bullying
waysted,Bullying
carpetmuncher,Bullying
nastybitch,Bullying
camel toe,Bullying
strappado,Bullying
jew,Bullying
limpdick,Bullying
heroin,Bullying
panty,Bullying
pornprincess,Bullying
gonorrehea,Bullying
meatbeatter,Bullying
crotchmonkey,Bullying
topless,Bullying
shithappens,Bullying
foot fetish,Bullying
canadian,Bullying
amateur,Bullying
uck,Bullying
whitenigger,Bullying
niger,Bullying
bigger,Bullying
squaw,Bullying
hand job,Bullying
buttbang,Bullying
titty,Bullying
gypo,Bullying
defecate,Bullying
kock,Bullying
niggaracci,Bullying
pussyfucker,Bullying
corruption,Bullying
girls gone wild,Bullying
ejaculated,Bullying
shitface,Bullying
autoerotic,Bullying
creamy,Bullying
bible,Bullying
fckcum,Bullying
knockers,Bullying
fucck,Bullying
whorehouse,Bullying
cocksmoker,Bullying
cocklover,Bullying
assblaster,Bullying
bombing,Bullying
hooters,Bullying
forni,Bullying
hapa,Bullying
bazooms,Bullying
failure,Bullying
racial,Bullying
fuckfreak,Bullying
snot,Bullying
cuntsucker,Bullying
fingerfucked ,Bullying
scallywag,Bullying
pixy,Bullying
kkk,Bullying
mastabater,Bullying
byatch,Bullying
whigger,Bullying
sos,Bullying
group sex,Bullying
attack,Bullying
fucktard,Bullying
nook,Bullying
marijuana,Bullying
filipina,Bullying
asscowboy,Bullying
fatso,Bullying
spit,Bullying
bazongas,Bullying
chickslick,Bullying
joint,Bullying
niggards,Bullying
cockblocker,Bullying
gob,Bullying
lingerie,Bullying
headlights,Bullying
dike,Bullying
pegging,Bullying
kaffre,Bullying
taste my,Bullying
crack-whore,Bullying
lynch,Bullying
tub girl,Bullying
bullshit,Bullying
explosion,Bullying
black,Bullying
homosexual,Bullying
fucked,Bullying
showtime,Bullying
lesbin,Bullying
kid,Bullying
fellatio,Bullying
nudger,Bullying
women's,Bullying
boonga,Bullying
choad,Bullying
assault,Bullying
cra5h,Bullying
tuckahoe,Bullying
fingerfucking ,Bullying
hijacker,Bullying
athletesfoot,Bullying
pom,Bullying
livesex,Bullying
hostage,Bullying
cocknob,Bullying
nude,Bullying
hard core,Bullying
fuckbag,Bullying
hobo,Bullying
itch,Bullying
gyp,Bullying
kyke,Bullying
pros,Bullying
stupid,Bullying
radicals,Bullying
figging,Bullying
fuckfest,Bullying
hottotrot,Bullying
kinbaku,Bullying
sexhouse,Bullying
violet wand,Bullying
analsex,Bullying
nittit,Bullying
jiz ,Bullying
suckmydick,Bullying
pussies,Bullying
hotdamn,Bullying
assfucker,Bullying
jizim,Bullying
pixie,Bullying
kum,Bullying
cemetery,Bullying
rigger,Bullying
ethical slut,Bullying
dolcett,Bullying
ejaculating ,Bullying
babe,Bullying
cumquat,Bullying
eatpussy,Bullying
givehead,Bullying
drunk,Bullying
phukking,Bullying
shiteater,Bullying
catholic,Bullying
hooker,Bullying
cocksuck ,Bullying
ball kicking,Bullying
fuckyou,Bullying
crappy,Bullying
feltching,Bullying
mideast,Bullying
ecstacy,Bullying
ribbed,Bullying
dog style,Bullying
interracial,Bullying
tongue in a,Bullying
pocha,Bullying
skankywhore,Bullying
pu55y,Bullying
motherfuckings,Bullying
piker,Bullying
peepshow,Bullying
yiffy,Bullying
tongethruster,Bullying
nigger's,Bullying
breastlover,Bullying
stroke,Bullying
twobitwhore,Bullying
israel's,Bullying
jerkoff,Bullying
bullet vibe,Bullying
assassinate,Bullying
killed,Bullying
pocketpool,Bullying
whacker,Bullying
wtf,Bullying
barf,Bullying
juggalo,Bullying
negro,Bullying
spick,Bullying
gyppy,Bullying
nymph,Bullying
snigger's,Bullying
violence,Bullying
lovemuscle,Bullying
dago,Bullying
booty,Bullying
niggers,Bullying
sodomy,Bullying
hussy,Bullying
pisspig,Bullying
coprophilia,Bullying
christian,Bullying
pimped,Bullying
boob,Bullying
breast,Bullying
sperm,Bullying
coloured,Bullying
redlight,Bullying
blacks,Bullying
orga,Bullying
bumblefuck,Bullying
mams,Bullying
slavedriver,Bullying
killing,Bullying
uptheass,Bullying
bestial,Bullying
sweetness,Bullying
heeb,Bullying
piccaninny,Bullying
pot,Bullying
honk,Bullying
jizjuice,Bullying
fuc,Bullying
nignog,Bullying
mgger,Bullying
sexing,Bullying
virginbreaker,Bullying
samckdaddy,Bullying
masterblaster,Bullying
heterosexual,Bullying
jigger ,Bullying
lovegun,Bullying
shitstain,Bullying
spank,Bullying
hiv,Bullying
lesbain,Bullying
mad,Bullying
sniggers,Bullying
jizm ,Bullying
ball sucking,Bullying
dragqween,Bullying
guro,Bullying
pubic,Bullying
titfuckin,Bullying
moneyshot,Bullying
camslut,Bullying
bountybar,Bullying
assklown,Bullying
cocky,Bullying
transsexual,Bullying
unfuckable,Bullying
bestiality,Bullying
cocklicker,Bullying
I tell you something,Non-Bullying
I say to ypu somethink,Non-Bullying
understand,Non-Bullying